word,level_index,level
ABANDON,9,8
ABDOMINAL,13,12
ABILITY,7,6
ABLE,6,5
ABORTION,9,8
ABOUT,4,3
ABOVE,6,5
ABROAD,9,8
ABSENCE,8,7
ABSOLUTE,9,8
ABSOLUTELY,8,7
ABSORB,11,10
ABSORPTION,11,10
ABSTRACT,9,8
ABUSE,8,7
ACADEMIC,8,7
ACCELERATE,12,11
ACCELERATION,11,10
ACCENT,12,11
ACCEPT,7,6
ACCEPTABLE,9,8
ACCESS,7,6
ACCIDENT,8,7
ACCOMMODATION,9,8
ACCOMPANY,8,7
ACCOMPLISH,9,8
ACCORD,7,6
ACCOUNT,7,6
ACCUMULATE,11,10
ACCUMULATION,11,10
ACCURACY,10,9
ACCURATE,9,8
ACCURATELY,12,11
ACCUSE,8,7
ACHIEVE,7,6
ACHIEVEMENT,9,8
ACID,10,9
ACIDIC,13,12
ACKNOWLEDGE,8,7
ACQUIRE,8,7
ACQUISITION,9,8
ACROSS,5,4
ACT,6,5
ACTION,4,3
ACTIVATE,10,9
ACTIVE,8,7
ACTIVELY,12,11
ACTIVITY,7,6
ACTOR,8,7
ACTUAL,8,7
ACTUALLY,6,5
ACUTE,10,9
AD,8,7
ADAPT,9,8
ADAPTATION,10,9
ADAPTIVE,11,10
ADD,2,1
ADDITION,4,3
ADDITIONAL,8,7
ADDRESS,7,6
ADEQUATE,9,8
ADJACENT,11,10
ADJECTIVE,6,5
ADJUST,9,8
ADJUSTMENT,9,8
ADMINISTRATION,8,7
ADMIRE,9,8
ADMISSION,12,11
ADMIT,8,7
ADOLESCENT,10,9
ADOPT,8,7
ADULT,7,6
ADVANCE,7,6
ADVANTAGE,7,6
ADVENTURE,9,8
ADVERSE,11,10
ADVERTISE,8,7
ADVERTISEMENT,9,8
ADVICE,8,7
ADVISE,8,7
ADVISER,9,8
ADVOCATE,9,8
AEROSOL,13,12
AESTHETIC,11,10
AFFAIR,8,7
AFFECT,7,6
AFFIRM,13,12
AFFORD,8,7
AFRAID,6,5
AFRICA,6,5
AFTER,1,k
AFTERNOON,8,7
AFTERWARD,13,12
AGAIN,2,1
AGAINST,6,5
AGE,6,5
AGENCY,8,7
AGENDA,9,8
AGENT,8,7
AGGREGATE,10,9
AGGRESSIVE,9,8
AGO,5,4
AGREE,7,6
AGREED,6,5
AGREEMENT,7,6
AGRICULTURAL,9,8
AGRICULTURE,11,10
AHEAD,4,3
AID,8,7
AIM,7,6
AIR,6,5
AIRCRAFT,8,7
AIRLINE,9,8
AIRPLANE,13,12
ALARM,9,8
ALBUM,9,8
ALCOHOL,9,8
ALGEBRA,11,10
ALGORITHM,10,9
ALIEN,12,11
ALIVE,8,7
ALL,1,k
ALLEGE,9,8
ALLIANCE,12,11
ALLOCATE,12,11
ALLOCATION,11,10
ALLOW,6,5
ALLY,9,8
ALMOST,6,5
ALONE,5,4
ALONG,5,4
ALONGSIDE,9,8
ALREADY,5,4
ALRIGHT,9,8
ALSO,5,4
ALTER,9,8
ALTERNATIVE,8,7
ALTHOUGH,6,5
ALTITUDE,13,12
ALTOGETHER,9,8
ALUMINUM,13,12
ALWAYS,3,2
AM,1,k
AMAZE,8,7
AMENDMENT,9,8
AMERICA,6,5
AMINO,11,10
AMONG,6,5
AMONGST,11,10
AMOUNT,6,5
AMPLITUDE,10,9
AN,2,1
ANALOGY,11,10
ANALYSIS,7,6
ANALYST,9,8
ANALYZE,8,7
ANCESTOR,12,11
ANCIENT,8,7
AND,0,prek
ANGER,9,8
ANGLE,6,5
ANGRY,8,7
ANIMAL,6,5
ANNOUNCE,8,7
ANNOUNCEMENT,9,8
ANNUAL,8,7
ANOTHER,6,5
ANSWER,6,5
ANTHROPOLOGY,12,11
ANTI,13,12
ANTIBIOTIC,12,11
ANTIBODY,10,9
ANTICIPATE,9,8
ANTIQUITY,13,12
ANXIETY,9,8
ANXIOUS,9,8
ANY,2,1
ANYBODY,8,7
ANYMORE,9,8
ANYONE,7,6
ANYTHING,3,2
ANYWAY,7,6
ANYWHERE,8,7
APART,8,7
APARTMENT,9,8
APOLOGIZE,9,8
APPARENT,9,8
APPARENTLY,8,7
APPEAL,8,7
APPEAR,3,2
APPEARANCE,8,7
APPENDIX,11,10
APPLAUSE,13,12
APPLE,1,k
APPLICATION,7,6
APPLY,7,6
APPOINT,8,7
APPOINTMENT,8,7
APPRECIATE,8,7
APPROACH,7,6
APPROPRIATE,8,7
APPROVAL,9,8
APPROVE,8,7
APPROXIMATE,11,10
APPROXIMATELY,9,8
APPROXIMATION,10,9
ARBITRARY,10,9
ARCHAEOLOGY,11,10
ARCHITECT,12,11
ARCHITECTURE,9,8
ARE,1,k
AREA,2,1
ARGUE,7,6
ARGUMENT,7,6
ARISE,8,7
ARM,7,6
ARMS,6,5
ARMY,6,5
AROUND,3,2
ARRANGE,8,7
ARRANGEMENT,8,7
ARRAY,10,9
ARREST,8,7
ARRIVAL,9,8
ARRIVE,7,6
ARRIVED,6,5
ARROW,11,10
ART,6,5
ARTICLE,7,6
ARTICULATE,11,10
ARTIFACT,12,11
ARTIFICIAL,11,10
ARTIST,8,7
ARTISTIC,12,11
ARTWORK,13,12
AS,1,k
ASHAMED,9,8
ASIDE,9,8
ASK,2,1
ASPECT,10,9
ASSEMBLY,11,10
ASSERT,11,10
ASSESS,8,7
ASSESSMENT,8,7
ASSET,8,7
ASSIGN,9,8
ASSIGNMENT,11,10
ASSIST,9,8
ASSISTANCE,9,8
ASSISTANT,8,7
ASSOCIATE,7,6
ASSOCIATION,8,7
ASSUME,7,6
ASSUMPTION,8,7
ASSURE,9,8
AT,1,k
ATE,1,k
ATHLETE,9,8
ATHLETIC,13,12
ATMOSPHERE,8,7
ATOM,11,10
ATOMIC,12,11
ATTACH,8,7
ATTACHMENT,9,8
ATTACK,7,6
ATTEMPT,7,6
ATTEND,7,6
ATTENDANCE,9,8
ATTENTION,7,6
ATTITUDE,8,7
ATTRACT,8,7
ATTRACTION,9,8
ATTRACTIVE,8,7
ATTRIBUTE,9,8
AUCTION,13,12
AUDIENCE,8,7
AUDIO,13,12
AUDIT,13,12
AUNT,9,8
AUTHOR,7,6
AUTHORITY,10,9
AUTOMATICALLY,9,8
AUTONOMY,11,10
AUTUMN,9,8
AVAILABILITY,11,10
AVAILABLE,7,6
AVERAGE,7,6
AVOID,7,6
AWARD,8,7
AWARE,8,7
AWARENESS,9,8
AWAY,0,prek
AWFUL,9,8
AXIOM,12,11
AXIS,10,9
BABY,1,k
BACK,1,k
BACKGROUND,8,7
BACKWARD,12,11
BACTERIA,12,11
BACTERIAL,12,11
BAD,5,4
BADLY,9,8
BAG,8,7
BALANCE,7,6
BALL,1,k
BAN,8,7
BAND,8,7
BANG,13,12
BANK,6,5
BAR,7,6
BARELY,9,8
BARGAIN,12,11
BARREL,13,12
BARRIER,9,8
BASE,5,4
BASIC,7,6
BASICALLY,8,7
BASIN,12,11
BASIS,7,6
BAT,12,11
BATH,9,8
BATTLE,8,7
BE,1,k
BEACH,8,7
BEAM,10,9
BEAR,1,k
BEAT,6,5
BEAUTIFUL,6,5
BEAUTY,9,8
BECAME,3,2
BECAUSE,3,2
BECOME,5,4
BED,1,k
BEDROOM,8,7
BEEN,3,2
BEER,9,8
BEFORE,3,2
BEGAN,6,5
BEGIN,5,4
BEHAVE,9,8
BEHAVIOR,7,6
BEHAVIORAL,10,9
BEHIND,6,5
BEING,6,5
BELIEF,8,7
BELIEVE,3,2
BELL,1,k
BELONG,4,3
BELOW,2,1
BELT,9,8
BEND,9,8
BENEATH,9,8
BENEFIT,7,6
BESIDE,6,5
BESIDES,8,7
BEST,3,2
BET,9,8
BETTER,4,3
BETWEEN,2,1
BEYOND,7,6
BIAS,9,8
BID,9,8
BIG,0,prek
BIKE,9,8
BILINGUAL,10,9
BILL,3,2
BIN,9,8
BINARY,11,10
BIND,8,7
BIODIVERSITY,13,12
BIOLOGICAL,9,8
BIOLOGIST,13,12
BIOLOGY,11,10
BIRD,1,k
BIRDS,2,1
BIRTH,8,7
BIRTHDAY,1,k
BIT,6,5
BITE,9,8
BIZARRE,13,12
BLACK,1,k
BLAME,8,7
BLANK,13,12
BLEED,13,12
BLESS,9,8
BLIND,9,8
BLOCK,6,5
BLOOD,6,5
BLOODY,9,8
BLOW,5,4
BLUE,0,prek
BOARD,4,3
BOAT,1,k
BODILY,13,12
BODY,2,1
BOMB,8,7
BOND,8,7
BONE,8,7
BONES,4,3
BONUS,13,12
BOOK,6,5
BOOM,9,8
BOOST,9,8
BOOT,9,8
BORDER,8,7
BORE,8,7
BORN,4,3
BORROW,9,8
BOSS,8,7
BOTH,3,2
BOTHER,8,7
BOTTLE,8,7
BOTTOM,6,5
BOUGHT,6,5
BOUND,10,9
BOUNDARY,9,8
BOWL,9,8
BOX,1,k
BOY,1,k
BRACKET,12,11
BRAIN,8,7
BRANCH,8,7
BRANCHES,6,5
BRAND,8,7
BREAD,1,k
BREAK,6,5
BREAKDOWN,12,11
BREAKFAST,8,7
BREAST,9,8
BREATH,8,7
BREATHE,9,8
BREED,9,8
BRIDGE,8,7
BRIEF,8,7
BRIEFLY,9,8
BRIGHT,5,4
BRILLIANT,9,8
BRING,4,3
BRITISH,6,5
BROAD,8,7
BROADCAST,9,8
BROADLY,12,11
BROKEN,6,5
BROTHER,1,k
BROUGHT,6,5
BROWN,1,k
BRUSH,9,8
BUBBLE,12,11
BUCKET,13,12
BUDGET,8,7
BUILD,6,5
BUILDING,5,4
BUILT,6,5
BULK,12,11
BULLET,13,12
BUNCH,9,8
BUNDLE,12,11
BURDEN,9,8
BURN,8,7
BURNING,4,3
BURST,9,8
BURY,9,8
BUS,7,6
BUSINESS,6,5
BUSY,8,7
BUT,1,k
BUTTON,9,8
BUY,3,2
BUYER,9,8
BY,2,1
CABLE,9,8
CAKE,1,k
CALCIUM,11,10
CALCULATE,9,8
CALCULATION,10,9
CALCULATOR,13,12
CALCULUS,11,10
CALL,3,2
CALLED,6,5
CALM,9,8
CAME,1,k
CAMERA,8,7
CAMP,8,7
CAMPAIGN,7,6
CAMPUS,13,12
CAN,0,prek
CANCEL,9,8
CANCER,8,7
CANDIDATE,10,9
CANNOT,6,5
CAP,9,8
CAPABILITY,9,8
CAPABLE,9,8
CAPACITY,8,7
CAPILLARY,12,11
CAPITAL,4,3
CAPITALISM,12,11
CAPITALIST,12,11
CAPTAIN,6,5
CAPTURE,8,7
CAR,1,k
CARBON,9,8
CARD,7,6
CARE,3,2
CAREER,7,6
CAREFUL,8,7
CAREFULLY,5,4
CARPET,9,8
CARRIER,12,11
CARRY,4,3
CASE,5,4
CASH,8,7
CAST,8,7
CASTLE,9,8
CAT,1,k
CATALOG,9,8
CATCH,3,2
CATEGORY,8,7
CATTLE,6,5
CAUGHT,6,5
CAUSE,5,4
CELEBRATE,8,7
CELEBRATION,9,8
CELL,7,6
CELLS,5,4
CENSOR,13,12
CENT,7,6
CENTER,3,2
CENTRAL,7,6
CENTS,4,3
CENTURY,3,2
CEREMONY,9,8
CERTAIN,6,5
CERTAINLY,7,6
CHAIN,8,7
CHAIR,1,k
CHAIRMAN,8,7
CHALLENGE,7,6
CHAMBER,9,8
CHAMPION,9,8
CHAMPIONSHIP,9,8
CHANCE,4,3
CHANGE,6,5
CHANNEL,8,7
CHAPTER,8,7
CHARACTER,7,6
CHARACTERISTIC,8,7
CHARACTERIZATION,11,10
CHARACTERIZE,9,8
CHARGE,7,6
CHARITY,9,8
CHARM,9,8
CHART,6,5
CHASE,9,8
CHAT,9,8
CHEAP,8,7
CHEAT,13,12
CHECK,6,5
CHEEK,9,8
CHEER,13,12
CHEESE,9,8
CHEMICAL,8,7
CHEMISTRY,12,11
CHEMOTHERAPY,12,11
CHESS,13,12
CHEST,9,8
CHICKEN,1,k
CHIEF,6,5
CHILD,6,5
CHILDHOOD,8,7
CHILDREN,1,k
CHIP,9,8
CHLORIDE,13,12
CHOCOLATE,9,8
CHOICE,7,6
CHOOSE,5,4
CHRISTMAS,1,k
CHROMOSOME,10,9
CHRONIC,10,9
CHUNK,13,12
CHURCH,4,3
CIGARETTE,9,8
CINEMA,13,12
CIRCA,13,12
CIRCLE,6,5
CIRCULATE,12,11
CIRCULATION,11,10
CIRCUMSTANCE,8,7
CITE,9,8
CITIZEN,8,7
CITY,2,1
CIVIL,8,7
CIVILIAN,9,8
CIVILIZATION,12,11
CLAIM,7,6
CLARIFY,12,11
CLASS,5,4
CLASSIC,9,8
CLASSICAL,9,8
CLASSIFICATION,10,9
CLASSIFY,10,9
CLASSROOM,11,10
CLAUSE,9,8
CLAY,13,12
CLEAN,4,3
CLEAR,6,5
CLEARLY,7,6
CLEVER,13,12
CLICK,13,12
CLIENT,11,10
CLIMATE,9,8
CLIMB,8,7
CLIMBED,3,2
CLINIC,12,11
CLINICAL,9,8
CLIP,13,12
CLOCK,7,6
CLONE,11,10
CLOSE,5,4
CLOSELY,8,7
CLOSURE,11,10
CLOTHES,6,5
CLOTHING,9,8
CLOUD,5,4
CLUB,7,6
CLUE,12,11
CLUSTER,9,8
COACH,8,7
COAL,9,8
COAST,6,5
COAT,1,k
CODE,8,7
COEFFICIENT,10,9
COFFEE,8,7
COGNITIVE,10,9
COHERENT,12,11
COIN,9,8
COLD,3,2
COLLAPSE,9,8
COLLEAGUE,8,7
COLLECT,8,7
COLLECTION,8,7
COLLECTIVE,10,9
COLLEGE,7,6
COLONIAL,10,9
COLONY,11,10
COLOR,2,1
COLUMN,4,3
COMBINATION,8,7
COMBINE,8,7
COME,0,prek
COMEDY,9,8
COMFORT,9,8
COMFORTABLE,8,7
COMMA,13,12
COMMAND,8,7
COMMENT,7,6
COMMENTARY,11,10
COMMERCIAL,8,7
COMMISSION,8,7
COMMIT,8,7
COMMITMENT,8,7
COMMITTEE,8,7
COMMODITY,12,11
COMMON,6,5
COMMONLY,10,9
COMMUNICATE,8,7
COMMUNICATION,8,7
COMMUNICATIVE,12,11
COMMUNIST,12,11
COMMUNITY,7,6
COMPACT,10,9
COMPANY,4,3
COMPARABLE,10,9
COMPARATIVE,10,9
COMPARE,5,4
COMPARISON,8,7
COMPENSATE,12,11
COMPENSATION,9,8
COMPETE,8,7
COMPETENCE,11,10
COMPETENT,13,12
COMPETITION,7,6
COMPETITIVE,8,7
COMPETITOR,9,8
COMPLAIN,8,7
COMPLAINT,8,7
COMPLEMENT,10,9
COMPLETE,2,1
COMPLETELY,8,7
COMPLEX,8,7
COMPLEXITY,9,8
COMPLICATE,8,7
COMPLICATION,11,10
COMPLY,13,12
COMPONENT,8,7
COMPOSE,9,8
COMPOSER,11,10
COMPOSITE,12,11
COMPOSITION,9,8
COMPOUND,4,3
COMPREHENSION,11,10
COMPREHENSIVE,9,8
COMPRISE,9,8
COMPROMISE,9,8
COMPUTATION,10,9
COMPUTE,9,8
COMPUTER,7,6
CONCEIVE,11,10
CONCENTRATE,8,7
CONCENTRATION,8,7
CONCEPT,8,7
CONCEPTION,10,9
CONCEPTUAL,10,9
CONCERN,7,6
CONCERT,8,7
CONCLUDE,8,7
CONCLUSION,7,6
CONCRETE,9,8
CONDITION,7,6
CONDITIONAL,11,10
CONDITIONS,6,5
CONDUCT,8,7
CONDUCTION,13,12
CONE,10,9
CONFERENCE,10,9
CONFIDENCE,8,7
CONFIDENT,9,8
CONFIGURATION,10,9
CONFINE,11,10
CONFIRM,8,7
CONFLICT,8,7
CONFOUND,13,12
CONFUSE,9,8
CONFUSION,9,8
CONGRUENT,13,12
CONNECT,8,7
CONNECTION,8,7
CONNECTOR,13,12
CONNOTATION,13,12
CONSCIOUS,11,10
CONSCIOUSNESS,10,9
CONSENSUS,11,10
CONSENT,11,10
CONSEQUENCE,8,7
CONSEQUENTLY,9,8
CONSERVATION,11,10
CONSERVATIVE,8,7
CONSERVE,12,11
CONSIDER,6,5
CONSIDERABLE,8,7
CONSIDERATION,8,7
CONSIST,8,7
CONSISTENT,9,8
CONSONANT,6,5
CONSTANT,8,7
CONSTANTLY,9,8
CONSTITUTE,9,8
CONSTITUTION,11,10
CONSTRAIN,11,10
CONSTRAINT,9,8
CONSTRUCT,8,7
CONSTRUCTION,8,7
CONSULT,9,8
CONSULTANT,9,8
CONSULTATION,12,11
CONSUME,9,8
CONSUMER,8,7
CONSUMPTION,10,9
CONTACT,7,6
CONTAIN,5,4
CONTAINER,13,12
CONTEMPORARY,9,8
CONTENT,8,7
CONTEST,9,8
CONTEXT,8,7
CONTINENT,12,11
CONTINUE,7,6
CONTINUED,3,2
CONTINUITY,10,9
CONTINUOUS,9,8
CONTOUR,11,10
CONTRACT,7,6
CONTRADICT,12,11
CONTRADICTION,11,10
CONTRADICTORY,12,11
CONTRARY,11,10
CONTRAST,8,7
CONTRIBUTE,8,7
CONTRIBUTION,8,7
CONTROL,6,5
CONTROVERSIAL,9,8
CONTROVERSY,11,10
CONVENTION,9,8
CONVENTIONAL,9,8
CONVERGE,11,10
CONVERGENCE,10,9
CONVERSATION,8,7
CONVERT,9,8
CONVINCE,8,7
COOK,4,3
COOL,5,4
COOPERATION,9,8
COORDINATE,10,9
COORDINATION,12,11
COPE,9,8
COPY,5,4
CORD,12,11
CORE,8,7
CORN,1,k
CORNER,4,3
CORONARY,12,11
CORPORATE,8,7
CORPORATION,9,8
CORPUS,10,9
CORRECT,3,2
CORRECTION,11,10
CORRECTLY,11,10
CORRELATE,10,9
CORRELATION,10,9
CORRESPOND,9,8
CORRESPONDENCE,10,9
CORRUPTION,12,11
CORTEX,10,9
COST,6,5
COTTON,6,5
COUGH,9,8
COULD,2,1
COUNCIL,8,7
COUNSEL,9,8
COUNT,6,5
COUNTER,9,8
COUNTRY,2,1
COUNTY,8,7
COUPLE,7,6
COURSE,5,4
COURT,7,6
COUSIN,9,8
COVER,7,6
COVERAGE,9,8
COVERED,6,5
COW,1,k
COWS,6,5
CRACK,9,8
CRAFT,9,8
CRASH,8,7
CRAZY,9,8
CREAM,9,8
CREATE,6,5
CREATION,9,8
CREATIVE,9,8
CREATURE,9,8
CREDIBILITY,13,12
CREDIT,8,7
CREW,9,8
CRIED,6,5
CRIME,8,7
CRIMINAL,8,7
CRISIS,8,7
CRITERION,9,8
CRITIC,8,7
CRITICAL,8,7
CRITICALLY,13,12
CRITICISM,9,8
CRITICIZE,9,8
CRITIQUE,11,10
CROP,9,8
CROPS,4,3
CROSS,3,2
CROWD,5,4
CRUCIAL,9,8
CRUDE,12,11
CRY,8,7
CRYSTAL,12,11
CUE,11,10
CULTURAL,8,7
CULTURE,7,6
CUP,8,7
CURE,12,11
CURIOUS,9,8
CURRENCY,9,8
CURRENT,6,5
CURRENTLY,8,7
CURRICULUM,12,11
CURTAIN,9,8
CURVE,9,8
CUSTOM,9,8
CUSTOMER,7,6
CUT,4,3
CYCLE,8,7
CYCLIC,12,11
CYLINDER,12,11
DAD,8,7
DAILY,8,7
DAMAGE,7,6
DAMN,9,8
DAMP,13,12
DANCE,3,2
DANGER,8,7
DANGEROUS,8,7
DARE,9,8
DARK,6,5
DARKNESS,9,8
DATA,7,6
DATABASE,9,8
DATE,7,6
DAUGHTER,7,6
DAY,1,k
DEAD,6,5
DEADLINE,13,12
DEAL,6,5
DEALER,9,8
DEAR,8,7
DEATH,6,5
DEBATE,8,7
DEBT,8,7
DECADE,8,7
DECAY,11,10
DECEIVE,13,12
DECIDE,7,6
DECIDED,5,4
DECIMAL,5,4
DECISION,7,6
DECLARE,8,7
DECLINE,8,7
DECREASE,8,7
DEDICATE,9,8
DEEP,6,5
DEEPLY,9,8
DEFEAT,9,8
DEFECT,10,9
DEFEND,9,8
DEFENSE,8,7
DEFICIENCY,12,11
DEFICIT,9,8
DEFINE,7,6
DEFINITE,11,10
DEFINITELY,8,7
DEFINITION,8,7
DEFLECTION,13,12
DEGRADE,13,12
DEGREE,7,6
DELAY,8,7
DELIBERATELY,12,11
DELIGHT,9,8
DELIVER,8,7
DELIVERY,8,7
DELTA,13,12
DEMAND,7,6
DEMOCRACY,8,7
DEMOCRATIC,9,8
DEMONSTRATE,8,7
DEMONSTRATION,9,8
DEMONSTRATOR,13,12
DENOMINATOR,13,12
DENOTE,10,9
DENSE,11,10
DENSITY,9,8
DENY,8,7
DEPARTMENT,7,6
DEPEND,7,6
DEPENDENCE,10,9
DEPENDENT,9,8
DEPICT,11,10
DEPOSIT,9,8
DEPRESS,9,8
DEPRESSION,9,8
DEPTH,9,8
DERIVATIVE,11,10
DERIVE,9,8
DESCENDENT,13,12
DESCRIBE,6,5
DESCRIPTION,8,7
DESCRIPTOR,13,12
DESERT,6,5
DESERVE,9,8
DESIGN,4,3
DESIGNER,9,8
DESIRE,8,7
DESK,8,7
DESPITE,7,6
DESTINATION,13,12
DESTROY,8,7
DESTRUCTION,9,8
DETAIL,7,6
DETAILS,6,5
DETECT,9,8
DETECTION,10,9
DETERMINATION,9,8
DETERMINE,6,5
DEVELOP,7,6
DEVELOPED,5,4
DEVELOPMENT,7,6
DEVELOPMENTAL,10,9
DEVIATION,10,9
DEVICE,8,7
DEVOTE,9,8
DIAGNOSE,12,11
DIAGNOSIS,10,9
DIAGNOSTIC,10,9
DIAGRAM,10,9
DIALECT,11,10
DIALOG,9,8
DIAMETER,10,9
DIARY,12,11
DICTATE,12,11
DICTIONARY,5,4
DID,1,k
DIE,7,6
DIED,6,5
DIET,8,7
DIFFER,9,8
DIFFERENCE,5,4
DIFFERENT,6,5
DIFFERENTIAL,10,9
DIFFERENTIATE,11,10
DIFFERENTIATION,11,10
DIFFERENTLY,9,8
DIFFICULT,6,5
DIFFICULTY,8,7
DIFFUSION,11,10
DIG,9,8
DIGITAL,9,8
DILEMMA,12,11
DILUTE,13,12
DIMENSION,9,8
DIMENSIONAL,12,11
DINNER,8,7
DIOXIDE,13,12
DIRECT,6,5
DIRECTION,3,2
DIRECTIVE,12,11
DIRECTLY,8,7
DIRECTOR,7,6
DIRTY,9,8
DISABILITY,11,10
DISADVANTAGE,11,10
DISAGREE,9,8
DISAPPEAR,8,7
DISAPPOINT,8,7
DISASTER,9,8
DISCHARGE,11,10
DISCIPLINE,8,7
DISCOUNT,8,7
DISCOURSE,10,9
DISCOVER,8,7
DISCOVERED,6,5
DISCOVERY,9,8
DISCRETE,11,10
DISCRIMINATION,11,10
DISCUSS,7,6
DISCUSSION,7,6
DISEASE,7,6
DISH,9,8
DISK,8,7
DISMISS,9,8
DISORDER,9,8
DISPLACEMENT,12,11
DISPLAY,8,7
DISPUTE,9,8
DISSECTION,13,12
DISSERTATION,12,11
DISSOLVE,12,11
DISTANCE,5,4
DISTANT,9,8
DISTINCT,9,8
DISTINCTION,9,8
DISTINGUISH,9,8
DISTRIBUTE,9,8
DISTRIBUTION,10,9
DISTRICT,8,7
DISTURB,9,8
DISTURBANCE,10,9
DIVERSE,10,9
DIVERSITY,9,8
DIVIDE,8,7
DIVIDED,3,2
DIVISION,6,5
DIVORCE,9,8
DO,1,k
DOCTOR,4,3
DOCUMENT,7,6
DOES,3,2
DOG,1,k
DOLL,1,k
DOLLAR,8,7
DOLLARS,6,5
DOMAIN,10,9
DOMESTIC,8,7
DOMINANCE,11,10
DOMINANT,10,9
DOMINATE,9,8
DOMINATION,13,12
DONE,3,2
DONOR,11,10
DOOR,1,k
DOSE,10,9
DOUBLE,8,7
DOUBT,7,6
DOWN,0,prek
DOZEN,8,7
DRAFT,8,7
DRAG,9,8
DRAIN,13,12
DRAMA,9,8
DRAMATIC,9,8
DRAMATICALLY,9,8
DRAW,4,3
DRAWING,5,4
DREAM,8,7
DRESS,6,5
DRIFT,12,11
DRINK,4,3
DRIVE,6,5
DRIVER,8,7
DROP,5,4
DRUG,7,6
DRY,6,5
DUCK,1,k
DUE,7,6
DURATION,10,9
DURING,5,4
DUST,9,8
DUTY,8,7
DYE,13,12
DYNAMIC,10,9
EACH,4,3
EAR,8,7
EARLY,5,4
EARN,7,6
EARS,4,3
EARTH,2,1
EASE,9,8
EASILY,8,7
EAST,5,4
EASTERN,9,8
EASY,3,2
EAT,1,k
ECOLOGICAL,11,10
ECOLOGY,11,10
ECONOMIC,7,6
ECONOMICALLY,13,12
ECONOMIST,12,11
ECONOMY,7,6
EDGE,6,5
EDIT,9,8
EDITION,9,8
EDITOR,8,7
EDUCATE,9,8
EDUCATION,7,6
EDUCATIONAL,9,8
EFFECT,6,5
EFFECTIVE,8,7
EFFECTIVELY,8,7
EFFECTIVENESS,11,10
EFFICIENCY,9,8
EFFICIENT,9,8
EFFORT,7,6
EGG,1,k
EGGS,5,4
EIGHT,4,3
EITHER,3,2
ELABORATE,11,10
ELASTIC,12,11
ELASTICITY,12,11
ELDERLY,9,8
ELECT,8,7
ELECTION,7,6
ELECTRIC,4,3
ELECTRICITY,9,8
ELECTRON,10,9
ELECTRONIC,8,7
ELEMENT,8,7
ELEMENTARY,12,11
ELEMENTS,5,4
ELEVATE,11,10
ELEVATION,12,11
ELIMINATE,9,8
ELIMINATION,12,11
ELITE,10,9
ELSE,3,2
ELSEWHERE,8,7
EMAIL,8,7
EMBARRASS,9,8
EMBED,10,9
EMBRACE,9,8
EMERGE,8,7
EMERGENCE,10,9
EMERGENCY,9,8
EMISSION,10,9
EMIT,13,12
EMOTION,8,7
EMOTIONAL,8,7
EMPEROR,13,12
EMPHASIS,9,8
EMPHASIZE,8,7
EMPIRE,9,8
EMPIRICAL,10,9
EMPLOY,8,7
EMPLOYEE,7,6
EMPLOYER,8,7
EMPLOYMENT,8,7
EMPTY,8,7
ENABLE,8,7
ENCODE,10,9
ENCOUNTER,9,8
ENCOURAGE,7,6
END,6,5
ENEMY,8,7
ENERGY,3,2
ENFORCEMENT,12,11
ENGAGE,8,7
ENGINE,5,4
ENGINEER,8,7
ENGLAND,4,3
ENGLISH,3,2
ENHANCE,9,8
ENJOY,5,4
ENORMOUS,8,7
ENORMOUSLY,13,12
ENOUGH,6,5
ENSURE,8,7
ENTER,7,6
ENTERED,6,5
ENTERPRISE,9,8
ENTERTAIN,9,8
ENTERTAINMENT,9,8
ENTIRE,6,5
ENTIRELY,8,7
ENTITLE,9,8
ENTITY,10,9
ENTRANCE,9,8
ENTRANT,13,12
ENTRY,8,7
ENVELOPE,9,8
ENVIRONMENT,7,6
ENVIRONMENTAL,8,7
ENZYME,10,9
EPIDEMIC,12,11
EPIDEMIOLOGY,12,11
EPISODE,9,8
EQUAL,5,4
EQUALITY,10,9
EQUALLY,8,7
EQUATION,6,5
EQUILIBRIUM,10,9
EQUIPMENT,8,7
EQUIVALENCE,11,10
EQUIVALENT,9,8
ERA,9,8
ERASE,13,12
ERROR,8,7
ESCAPE,8,7
ESPECIALLY,6,5
ESSAY,9,8
ESSENCE,12,11
ESSENTIAL,8,7
ESSENTIALLY,10,9
ESTABLISH,7,6
ESTABLISHMENT,9,8
ESTATE,8,7
ESTIMATE,8,7
ESTIMATION,10,9
ETHICAL,11,10
ETHICS,11,10
ETHNIC,9,8
EUROPE,3,2
EVALUATE,9,8
EVALUATION,9,8
EVEN,6,5
EVENING,6,5
EVENT,7,6
EVENTUALLY,8,7
EVER,2,1
EVERY,2,1
EVERYBODY,7,6
EVERYDAY,9,8
EVERYONE,5,4
EVERYTHING,3,2
EVERYWHERE,8,7
EVIDENCE,7,6
EVIDENT,10,9
EVIL,9,8
EVOLUTION,9,8
EVOLUTIONARY,10,9
EVOLVE,9,8
EX,10,9
EXACT,9,8
EXACTLY,6,5
EXAM,9,8
EXAMINATION,9,8
EXAMINE,8,7
EXAMPLE,5,4
EXCEED,9,8
EXCELLENT,8,7
EXCEPT,5,4
EXCEPTION,9,8
EXCESS,9,8
EXCHANGE,8,7
EXCITE,8,7
EXCITEMENT,9,8
EXCITING,6,5
EXCLUDE,9,8
EXCUSE,9,8
EXECUTE,12,11
EXECUTION,11,10
EXECUTIVE,8,7
EXERCISE,5,4
EXHAUST,9,8
EXHIBIT,9,8
EXHIBITION,8,7
EXIST,7,6
EXISTENCE,8,7
EXIT,12,11
EXPAND,8,7
EXPANSION,9,8
EXPECT,5,4
EXPECTATION,8,7
EXPENDITURE,9,8
EXPENSE,8,7
EXPENSIVE,8,7
EXPERIENCE,6,5
EXPERIMENT,5,4
EXPERIMENTAL,9,8
EXPERT,8,7
EXPERTISE,12,11
EXPLAIN,6,5
EXPLANATION,8,7
EXPLICIT,10,9
EXPLICITLY,10,9
EXPLOIT,11,10
EXPLORE,8,7
EXPONENTIAL,12,11
EXPORT,8,7
EXPOSE,8,7
EXPOSURE,9,8
EXPRESS,5,4
EXPRESSION,8,7
EXTEND,8,7
EXTENSION,9,8
EXTENSIVE,9,8
EXTENT,8,7
EXTERNAL,9,8
EXTRA,8,7
EXTRACT,9,8
EXTRAORDINARY,9,8
EXTREME,8,7
EXTREMELY,8,7
EYE,1,k
EYES,2,1
FABRIC,13,12
FACE,6,5
FACET,13,12
FACILITATE,10,9
FACILITY,8,7
FACT,3,2
FACTOR,7,6
FACTORIAL,13,12
FACTORIES,4,3
FACTORS,3,2
FACTORY,8,7
FACULTY,12,11
FADE,9,8
FAIL,7,6
FAILURE,8,7
FAIR,4,3
FAIRLY,8,7
FAITH,8,7
FAITHFULLY,9,8
FALL,4,3
FALSE,9,8
FAMILIAR,8,7
FAMILY,6,5
FAMOUS,5,4
FAN,8,7
FANCY,9,8
FANTASTIC,9,8
FAR,4,3
FARM,1,k
FARMER,1,k
FARMERS,3,2
FASCINATE,9,8
FASHION,8,7
FAST,3,2
FAT,8,7
FATHER,1,k
FATIGUE,12,11
FAULT,9,8
FAVOR,8,7
FAVORITE,8,7
FEAR,6,5
FEATURE,7,6
FEDERAL,8,7
FEE,8,7
FEED,8,7
FEEDBACK,10,9
FEEL,3,2
FEELING,6,5
FEET,1,k
FELL,6,5
FELLOW,8,7
FELT,3,2
FEMALE,8,7
FENCE,9,8
FERTILITY,11,10
FESTIVAL,9,8
FETAL,11,10
FEVER,12,11
FEW,5,4
FIBER,10,9
FICTION,9,8
FIELD,6,5
FIG,6,5
FIGHT,6,5
FIGURE,6,5
FILE,7,6
FILL,7,6
FILLED,6,5
FILM,7,6
FILTER,9,8
FIN,13,12
FINAL,7,6
FINALLY,3,2
FINANCE,8,7
FINANCIAL,7,6
FIND,0,prek
FINE,6,5
FINGER,8,7
FINGERS,6,5
FINISH,7,6
FINISHED,6,5
FINITE,10,9
FIRE,1,k
FIRM,7,6
FIRMLY,9,8
FIRST,3,2
FIRSTLY,9,8
FISH,1,k
FIT,4,3
FIVE,3,2
FIX,8,7
FLAG,9,8
FLASH,9,8
FLAT,5,4
FLESH,13,12
FLEXIBILITY,12,11
FLEXIBLE,9,8
FLIGHT,8,7
FLIP,13,12
FLOAT,9,8
FLOOD,9,8
FLOOR,1,k
FLOW,6,5
FLOWER,1,k
FLOWERS,6,5
FLUID,10,9
FLUX,11,10
FLY,2,1
FOCUS,7,6
FOLD,9,8
FOLK,8,7
FOLLOW,5,4
FOOD,2,1
FOOL,9,8
FOOT,4,3
FOOTBALL,8,7
FOOTNOTE,13,12
FOR,0,prek
FORCE,6,5
FORECAST,9,8
FOREIGN,7,6
FOREST,5,4
FOREVER,9,8
FORGET,7,6
FORM,5,4
FORMAL,8,7
FORMALLY,12,11
FORMAT,9,8
FORMATION,9,8
FORMER,7,6
FORMULA,9,8
FORMULATION,11,10
FORTH,8,7
FORTUNATE,9,8
FORTUNE,9,8
FORUM,13,12
FORWARD,6,5
FOSSIL,12,11
FOUND,3,2
FOUNDATION,9,8
FOUR,1,k
FRACTION,6,5
FRACTURE,12,11
FRAGMENT,9,8
FRAME,8,7
FRAMEWORK,9,8
FRANCE,4,3
FREE,5,4
FREEDOM,8,7
FREELY,12,11
FREEZE,8,7
FRENCH,6,5
FREQUENCY,9,8
FREQUENT,9,8
FREQUENTLY,8,7
FRESH,6,5
FRICTION,12,11
FRIEND,7,6
FRIENDLY,8,7
FRIENDS,3,2
FRIENDSHIP,9,8
FRIGHTEN,9,8
FRINGE,13,12
FROM,1,k
FRONT,3,2
FRUIT,6,5
FUEL,8,7
FULFILL,9,8
FULL,4,3
FULLY,8,7
FUN,6,5
FUNCTION,7,6
FUNCTIONAL,9,8
FUND,7,6
FUNDAMENTAL,9,8
FUNDAMENTALLY,12,11
FUNGUS,13,12
FUNNY,0,prek
FURNITURE,9,8
FURTHER,7,6
FURTHERMORE,8,7
FUSION,11,10
FUTURE,7,6
GAIN,7,6
GALLERY,9,8
GAME,1,k
GAP,8,7
GARDEN,1,k
GAS,3,2
GATE,9,8
GATHER,8,7
GAUGE,13,12
GAVE,3,2
GAY,9,8
GAZE,9,8
GEAR,9,8
GENDER,9,8
GENE,9,8
GENERAL,3,2
GENERALIZATION,11,10
GENERALIZE,10,9
GENERALLY,7,6
GENERATE,8,7
GENERATION,8,7
GENETIC,9,8
GENETICALLY,12,11
GENETICS,12,11
GENTLE,9,8
GENTLEMAN,9,8
GENTLY,9,8
GENUINE,9,8
GESTURE,9,8
GET,1,k
GHOST,13,12
GIANT,9,8
GIFT,8,7
GIRL,1,k
GIVE,1,k
GLAD,8,7
GLANCE,9,8
GLASS,4,3
GLOBAL,8,7
GLOBALIZATION,12,11
GO,0,prek
GOAL,7,6
GOAT,13,12
GOD,6,5
GOES,3,2
GOING,2,1
GOLD,6,5
GOLDEN,9,8
GOLF,9,8
GONE,6,5
GOOD,1,k
GOODBYE,1,k
GOODNESS,13,12
GOODS,12,11
GOT,4,3
GOVERN,9,8
GOVERNMENT,6,5
GOVERNOR,9,8
GRAB,9,8
GRADE,8,7
GRADIENT,10,9
GRADUALLY,9,8
GRADUATE,8,7
GRAIN,9,8
GRAM,13,12
GRAMMAR,9,8
GRAMMATICAL,10,9
GRAND,9,8
GRANDMOTHER,9,8
GRANT,8,7
GRAPH,10,9
GRASP,12,11
GRASS,1,k
GRATEFUL,9,8
GRAVITY,12,11
GRAY,8,7
GREAT,4,3
GREATLY,9,8
GREEK,6,5
GREEN,3,2
GREET,9,8
GREW,4,3
GRID,12,11
GRIN,9,8
GROSS,12,11
GROUND,1,k
GROUP,5,4
GROW,4,3
GROWTH,7,6
GUARANTEE,8,7
GUARD,8,7
GUESS,5,4
GUEST,8,7
GUIDE,8,7
GUIDELINE,9,8
GUILTY,9,8
GUITAR,9,8
GUN,6,5
GUT,13,12
GUY,7,6
HABIT,8,7
HABITAT,11,10
HAD,2,1
HAIR,6,5
HALF,3,2
HALFWAY,13,12
HALL,8,7
HAND,1,k
HANDLE,8,7
HANDOUT,13,12
HANG,8,7
HAPPEN,7,6
HAPPENED,5,4
HAPPINESS,9,8
HAPPY,6,5
HARBOR,9,8
HARD,5,4
HARDLY,8,7
HARM,9,8
HARVEST,11,10
HAS,2,1
HAT,6,5
HATE,8,7
HAVE,1,k
HAWK,13,12
HE,1,k
HEAD,1,k
HEADQUARTER,13,12
HEALTH,7,6
HEALTHY,8,7
HEAR,6,5
HEARD,3,2
HEART,5,4
HEAT,6,5
HEAVILY,9,8
HEAVY,6,5
HEDGE,13,12
HEIGHT,9,8
HELD,6,5
HELIX,13,12
HELL,8,7
HELLO,9,8
HELP,0,prek
HELPFUL,8,7
HENCE,9,8
HEPATITIS,12,11
HER,2,1
HERBICIDE,13,12
HERE,0,prek
HERO,9,8
HERSELF,8,7
HESITATE,9,8
HI,8,7
HIDE,8,7
HIERARCHY,10,9
HIGH,2,1
HIGHLIGHT,9,8
HIGHLY,8,7
HILL,1,k
HIM,2,1
HIMSELF,6,5
HINT,9,8
HIP,13,12
HIRE,8,7
HIS,1,k
HISTORIAN,9,8
HISTORIC,9,8
HISTORICAL,8,7
HISTORICALLY,12,11
HISTORY,6,5
HIT,4,3
HOE,6,5
HOLD,4,3
HOLDER,9,8
HOLE,6,5
HOLIDAY,7,6
HOME,1,k
HOMEWORK,13,12
HONEST,9,8
HONOR,8,7
HOOK,9,8
HOPE,5,4
HOPEFULLY,9,8
HORIZON,12,11
HORIZONTAL,10,9
HORMONE,11,10
HORRIBLE,9,8
HORSE,1,k
HOSPITAL,7,6
HOST,8,7
HOT,4,3
HOTEL,7,6
HOUR,7,6
HOURS,5,4
HOUSE,1,k
HOUSEHOLD,8,7
HOW,2,1
HOWEVER,5,4
HUGE,6,5
HUMAN,6,5
HUMOR,9,8
HUNDRED,6,5
HUNGER,9,8
HUNT,9,8
HUNTING,6,5
HURRY,9,8
HURT,4,3
HUSBAND,7,6
HYDROGEN,12,11
HYPOTHESIS,9,8
ICE,3,2
IDEA,6,5
IDEAL,8,7
IDENTICAL,10,9
IDENTIFICATION,10,9
IDENTIFY,7,6
IDENTITY,8,7
IDEOLOGY,10,9
IF,4,3
IGNORE,8,7
ILL,8,7
ILLEGAL,9,8
ILLNESS,9,8
ILLUSION,12,11
ILLUSTRATE,8,7
ILLUSTRATION,9,8
IMAGE,7,6
IMAGINATION,9,8
IMAGINE,7,6
IMMEDIATE,8,7
IMMEDIATELY,8,7
IMMIGRANT,9,8
IMMUNE,11,10
IMPACT,10,9
IMPLEMENT,8,7
IMPLEMENTATION,9,8
IMPLICATION,9,8
IMPLICIT,11,10
IMPLY,8,7
IMPORT,8,7
IMPORTANCE,8,7
IMPORTANT,6,5
IMPORTANTLY,12,11
IMPOSE,8,7
IMPOSSIBLE,8,7
IMPRESS,9,8
IMPRESSION,8,7
IMPRESSIVE,9,8
IMPROVE,7,6
IMPROVEMENT,8,7
IMPULSE,12,11
IN,0,prek
INCENTIVE,9,8
INCH,9,8
INCHES,3,2
INCIDENCE,10,9
INCIDENT,8,7
INCLINE,12,11
INCLUDE,6,5
INCLUSION,10,9
INCOME,7,6
INCORPORATE,9,8
INCREASE,6,5
INCREASINGLY,8,7
INCREDIBLE,13,12
INCREDIBLY,13,12
INCUMBENT,13,12
INDEED,7,6
INDEPENDENCE,9,8
INDEPENDENT,8,7
INDEPENDENTLY,11,10
INDEX,8,7
INDIAN,6,5
INDICATE,5,4
INDICATION,9,8
INDICATOR,10,9
INDIFFERENCE,13,12
INDIGENOUS,11,10
INDIRECT,11,10
INDIVIDUAL,7,6
INDIVIDUALLY,12,11
INDUCE,10,9
INDUCTION,10,9
INDUSTRIAL,8,7
INDUSTRIALIZATION,13,12
INDUSTRIALIZE,13,12
INDUSTRY,6,5
INEQUALITY,10,9
INEVITABLY,12,11
INFANT,9,8
INFECT,10,9
INFECTION,9,8
INFECTIOUS,12,11
INFERENCE,10,9
INFERIOR,12,11
INFINITE,10,9
INFINITY,12,11
INFLATION,9,8
INFLUENCE,7,6
INFLUENTIAL,12,11
INFORM,8,7
INFORMAL,11,10
INFORMATION,5,4
INHIBIT,11,10
INHIBITION,11,10
INITIAL,8,7
INITIALLY,9,8
INITIATE,11,10
INITIATION,12,11
INITIATIVE,8,7
INJECT,12,11
INJECTION,11,10
INJURE,9,8
INJURY,8,7
INNATE,13,12
INNER,9,8
INNOCENT,9,8
INNOVATION,9,8
INPUT,9,8
INQUIRY,9,8
INSECT,11,10
INSECTS,4,3
INSERT,11,10
INSIDE,5,4
INSIGHT,9,8
INSIST,8,7
INSPIRE,9,8
INSTABILITY,10,9
INSTALL,9,8
INSTANCE,7,6
INSTEAD,5,4
INSTINCT,13,12
INSTITUTION,8,7
INSTITUTIONAL,9,8
INSTRUCTION,8,7
INSTRUMENT,8,7
INSTRUMENTS,6,5
INSURANCE,8,7
INSURE,9,8
INTEGRAL,10,9
INTEGRATE,9,8
INTEGRATION,10,9
INTELLECTUAL,9,8
INTELLIGENCE,8,7
INTEND,8,7
INTENSE,9,8
INTENSITY,10,9
INTENSIVE,12,11
INTENTION,8,7
INTERACT,10,9
INTERACTION,9,8
INTEREST,6,5
INTERESTING,5,4
INTERESTINGLY,12,11
INTERFACE,10,9
INTERFERE,12,11
INTERIOR,9,8
INTERMEDIATE,10,9
INTERNAL,8,7
INTERNATIONAL,7,6
INTERPRET,9,8
INTERPRETATION,9,8
INTERRUPT,13,12
INTERVAL,10,9
INTERVENE,12,11
INTERVENTION,9,8
INTERVIEW,7,6
INTERVIEWER,13,12
INTO,1,k
INTRODUCE,7,6
INTRODUCTION,8,7
INVADE,13,12
INVASION,12,11
INVENT,9,8
INVERSION,12,11
INVERT,12,11
INVEST,8,7
INVESTIGATE,8,7
INVESTIGATION,8,7
INVESTMENT,7,6
INVESTOR,8,7
INVITATION,9,8
INVITE,8,7
INVOLVE,7,6
INVOLVEMENT,9,8
ION,10,9
IRON,5,4
IRRELEVANT,12,11
IRRIGATION,12,11
IS,0,prek
ISLAND,5,4
ISOLATE,9,8
ISSUE,7,6
IT,0,prek
ITEM,7,6
ITS,3,2
ITSELF,3,2
JACKET,9,8
JAIL,9,8
JAPANESE,6,5
JAZZ,13,12
JOB,6,5
JOIN,7,6
JOINED,4,3
JOINT,8,7
JOKE,8,7
JOURNAL,9,8
JOURNALIST,9,8
JOURNEY,8,7
JOY,9,8
JUDGE,8,7
JUDGMENT,8,7
JUMP,0,prek
JUMPED,3,2
JUNIOR,13,12
JURY,9,8
JUST,1,k
JUSTICE,8,7
JUSTIFICATION,11,10
JUSTIFY,9,8
KEEN,9,8
KEEP,2,1
KEPT,6,5
KEY,4,3
KICK,8,7
KID,7,6
KIDNEY,12,11
KILL,7,6
KILLED,6,5
KILOMETER,13,12
KIND,4,3
KING,6,5
KISS,8,7
KITCHEN,8,7
KITTY,1,k
KNEE,9,8
KNEW,2,1
KNIFE,9,8
KNOCK,8,7
KNOW,1,k
KNOWLEDGE,7,6
KNOWN,5,4
LAB,13,12
LABEL,8,7
LABOR,8,7
LABORATORY,9,8
LACK,7,6
LADY,6,5
LAKE,5,4
LAND,6,5
LANDSCAPE,9,8
LANGUAGE,6,5
LARGE,6,5
LARGELY,8,7
LAST,2,1
LATE,6,5
LATERAL,11,10
LATTER,8,7
LAUGH,4,3
LAUGHED,5,4
LAUGHTER,9,8
LAUNCH,8,7
LAW,4,3
LAWYER,8,7
LAY,6,5
LAYER,9,8
LAYOUT,13,12
LAZY,9,8
LEAD,5,4
LEADER,7,6
LEADERSHIP,8,7
LEAF,10,9
LEAGUE,9,8
LEAN,9,8
LEAP,9,8
LEARN,6,5
LEAST,3,2
LEATHER,9,8
LEAVE,6,5
LECTURE,9,8
LECTURER,13,12
LED,6,5
LEFT,5,4
LEG,1,k
LEGAL,8,7
LEGEND,13,12
LEGISLATION,8,7
LEGITIMATE,12,11
LEGS,6,5
LEISURE,12,11
LEND,9,8
LENGTH,6,5
LESS,5,4
LESSON,8,7
LET,2,1
LETTER,1,k
LEVEL,4,3
LEVER,13,12
LEXICAL,10,9
LIABILITY,9,8
LIABLE,13,12
LIBERAL,8,7
LIBRARY,8,7
LICENSE,8,7
LIE,6,5
LIFE,5,4
LIFESTYLE,12,11
LIFETIME,11,10
LIFT,8,7
LIFTED,6,5
LIGHT,2,1
LIKE,1,k
LIKELIHOOD,10,9
LIKELY,7,6
LIKEWISE,11,10
LIMB,12,11
LIMIT,7,6
LIMITATION,9,8
LINE,5,4
LINEAR,10,9
LINGUISTIC,10,9
LINGUISTICS,11,10
LINK,7,6
LIP,9,8
LIQUID,9,8
LIST,6,5
LISTEN,6,5
LISTENER,9,8
LITER,13,12
LITERALLY,9,8
LITERARY,9,8
LITERATURE,8,7
LITTLE,0,prek
LIVE,1,k
LIVER,11,10
LOAD,8,7
LOAN,8,7
LOCAL,7,6
LOCALLY,11,10
LOCATE,8,7
LOCATED,6,5
LOCATION,8,7
LOCK,8,7
LOCUS,10,9
LOG,9,8
LOGIC,9,8
LOGICAL,11,10
LONG,4,3
LONGITUDINAL,11,10
LOOK,0,prek
LOOP,11,10
LOOSE,9,8
LOSE,7,6
LOSS,7,6
LOST,5,4
LOT,6,5
LOUD,6,5
LOVE,5,4
LOVELY,8,7
LOVER,9,8
LOW,5,4
LUCK,9,8
LUCKY,8,7
LUMP,13,12
LUNCH,8,7
LUNG,11,10
LUXURY,9,8
MACHINE,5,4
MACHINERY,12,11
MAD,9,8
MADE,3,2
MAGAZINE,8,7
MAGIC,9,8
MAGNETIC,10,9
MAGNITUDE,10,9
MAIL,8,7
MAIN,6,5
MAINLY,8,7
MAINTAIN,8,7
MAINTENANCE,9,8
MAJOR,6,5
MAJORITY,8,7
MAKE,0,prek
MAKER,9,8
MALE,7,6
MALL,4,3
MAN,1,k
MANAGE,7,6
MANAGEMENT,7,6
MANAGER,7,6
MANIPULATE,12,11
MANIPULATION,11,10
MANNER,8,7
MANUAL,11,10
MANUFACTURE,8,7
MANUFACTURER,9,8
MANUSCRIPT,10,9
MANY,3,2
MAP,6,5
MARBLE,13,12
MARCH,6,5
MARGIN,9,8
MARGINAL,11,10
MARK,2,1
MARKER,10,9
MARKET,7,6
MARRIAGE,8,7
MARROW,13,12
MARRY,7,6
MASS,8,7
MASSIVE,9,8
MASTER,8,7
MATCH,6,5
MATE,9,8
MATERIAL,6,5
MATERNAL,10,9
MATHEMATICAL,10,9
MATHEMATICS,9,8
MATRIX,10,9
MATTER,3,2
MATURE,9,8
MAXIMIZE,11,10
MAXIMUM,8,7
MAY,2,1
MAYBE,6,5
MAYOR,9,8
ME,0,prek
MEAL,8,7
MEAN,7,6
MEANINGFUL,12,11
MEANS,5,4
MEANWHILE,8,7
MEASURE,5,4
MEASUREMENT,9,8
MEAT,6,5
MECHANIC,12,11
MECHANICAL,11,10
MECHANISM,8,7
MEDIA,13,12
MEDIATE,10,9
MEDICAL,8,7
MEDICINE,8,7
MEDIUM,7,6
MEET,6,5
MELODY,6,5
MEMBER,7,6
MEMBERS,3,2
MEMBERSHIP,9,8
MEMBRANE,10,9
MEMORIZE,13,12
MEMORY,8,7
MEN,1,k
MENTAL,8,7
MENTION,7,6
MENTOR,13,12
MENU,9,8
MERCURY,13,12
MERE,9,8
MERELY,8,7
MERGE,12,11
MESS,9,8
MESSAGE,7,6
MESSENGER,13,12
METABOLISM,12,11
METAL,3,2
METAPHOR,11,10
METER,9,8
METHOD,5,4
METHODOLOGY,10,9
MICRO,13,12
MID,10,9
MIDDLE,6,5
MIGHT,5,4
MIGRATE,12,11
MIGRATION,10,9
MILE,6,5
MILITARY,7,6
MILK,1,k
MILLIMETER,13,12
MILLION,6,5
MIND,5,4
MINE,4,3
MINERAL,11,10
MINIMAL,10,9
MINIMIZE,11,10
MINIMUM,8,7
MINISTER,8,7
MINOR,9,8
MINORITY,9,8
MINUS,13,12
MINUTE,7,6
MINUTES,3,2
MIRROR,9,8
MISS,6,5
MISSILE,13,12
MISSION,8,7
MISTAKE,8,7
MIX,8,7
MIXTURE,9,8
MOBILE,8,7
MOBILITY,11,10
MODE,9,8
MODEL,7,6
MODERATE,9,8
MODERN,4,3
MODIFICATION,11,10
MODIFY,9,8
MODULE,9,8
MOLE,13,12
MOLECULAR,10,9
MOLECULE,10,9
MOLECULES,4,3
MOM,9,8
MOMENT,6,5
MOMENTUM,12,11
MONETARY,11,10
MONEY,1,k
MONITOR,8,7
MONKEY,11,10
MONOPOLY,12,11
MONTH,7,6
MONTHLY,9,8
MONTHS,6,5
MOOD,9,8
MOON,3,2
MORAL,8,7
MORALITY,12,11
MORE,6,5
MOREOVER,8,7
MORNING,1,k
MORPHOLOGICAL,11,10
MORPHOLOGY,10,9
MORTALITY,10,9
MORTGAGE,9,8
MOST,1,k
MOSTLY,8,7
MOTHER,1,k
MOTIF,12,11
MOTION,8,7
MOTIVATE,9,8
MOTIVATION,9,8
MOTIVE,12,11
MOTOR,9,8
MOUNT,9,8
MOUNTAIN,8,7
MOUNTAINS,6,5
MOUSE,9,8
MOUTH,5,4
MOVE,6,5
MOVEMENT,5,4
MOVIE,7,6
MUCH,4,3
MULTI,13,12
MULTINATIONAL,13,12
MULTIPLE,8,7
MULTIPLY,12,11
MURDER,8,7
MUSCLE,9,8
MUSEUM,8,7
MUSIC,2,1
MUSICAL,8,7
MUSICIAN,9,8
MUST,1,k
MUTATION,10,9
MUTUAL,9,8
MY,0,prek
MYSELF,4,3
MYSTERY,9,8
MYTH,11,10
NAKED,13,12
NAME,1,k
NAMELY,10,9
NARRATIVE,9,8
NARROW,8,7
NASTY,13,12
NATION,5,4
NATIONAL,7,6
NATIONALISM,11,10
NATIVE,8,7
NATURAL,6,5
NATURALLY,9,8
NATURE,7,6
NEAR,2,1
NEARBY,9,8
NEARLY,7,6
NEAT,13,12
NECESSARILY,8,7
NECESSARY,6,5
NECESSITY,11,10
NECK,9,8
NEED,6,5
NEGATIVE,8,7
NEGLECT,9,8
NEGOTIATE,9,8
NEGOTIATION,8,7
NEIGHBOR,8,7
NEIGHBORHOOD,8,7
NEITHER,8,7
NEO,13,12
NERVE,9,8
NERVOUS,9,8
NEST,1,k
NET,8,7
NETWORK,7,6
NEURAL,10,9
NEURON,10,9
NEUTRAL,11,10
NEVER,2,1
NEVERTHELESS,8,7
NEW,1,k
NEWLY,9,8
NEWS,7,6
NEWSPAPER,7,6
NEXT,5,4
NICE,7,6
NICELY,13,12
NICHE,13,12
NIGHT,1,k
NITROGEN,11,10
NO,1,k
NOBLE,12,11
NOBODY,8,7
NODE,10,9
NOISE,8,7
NOISY,13,12
NOMINAL,11,10
NON,10,9
NONE,8,7
NONETHELESS,12,11
NONLINEAR,10,9
NOR,8,7
NORM,10,9
NORMAL,7,6
NORMALLY,8,7
NORTH,6,5
NORTHERN,6,5
NOSE,6,5
NOT,0,prek
NOTATION,10,9
NOTE,5,4
NOTHING,5,4
NOTICE,6,5
NOTION,8,7
NOUN,6,5
NOVEL,8,7
NOVICE,13,12
NOW,1,k
NOWADAYS,9,8
NOWHERE,9,8
NUCLEAR,8,7
NUCLEUS,10,9
NULL,11,10
NUMBER,6,5
NUMERAL,6,5
NUMERICAL,10,9
NUMEROUS,9,8
NURSE,8,7
NUTRIENT,11,10
OBJECT,6,5
OBJECTION,12,11
OBJECTIVE,8,7
OBLIGATION,9,8
OBSCURE,12,11
OBSERVATION,8,7
OBSERVE,6,5
OBSERVER,11,10
OBTAIN,10,9
OBVIOUS,8,7
OBVIOUSLY,7,6
OCCASION,8,7
OCCASIONALLY,9,8
OCCUPATION,11,10
OCCUPY,9,8
OCCUR,7,6
OCCURRENCE,10,9
OCEAN,5,4
ODD,8,7
OF,1,k
OFF,3,2
OFFENSE,9,8
OFFER,7,6
OFFICE,6,5
OFFICER,7,6
OFFICIAL,7,6
OFFSPRING,11,10
OFTEN,5,4
OH,3,2
OIL,6,5
OKAY,7,6
OLD,2,1
ON,1,k
ONCE,2,1
ONE,0,prek
ONLINE,8,7
ONLY,1,k
ONSET,10,9
ONTO,8,7
ONWARDS,13,12
OPEN,2,1
OPERA,9,8
OPERATE,7,6
OPERATION,7,6
OPERATOR,9,8
OPINION,7,6
OPPONENT,9,8
OPPORTUNITY,7,6
OPPOSE,8,7
OPPOSITE,6,5
OPPOSITION,8,7
OPTICAL,12,11
OPTIMAL,10,9
OPTIMUM,12,11
OPTION,7,6
OR,3,2
ORAL,10,9
ORANGE,9,8
ORDER,5,4
ORDINARY,8,7
ORGAN,10,9
ORGANIC,9,8
ORGANISM,10,9
ORGANIZATION,7,6
ORGANIZE,7,6
ORIENT,11,10
ORIENTATION,10,9
ORIGIN,9,8
ORIGINAL,8,7
ORIGINALLY,9,8
OSCILLATION,12,11
OTHER,6,5
OTHERWISE,8,7
OUGHT,8,7
OUR,1,k
OURSELVES,8,7
OUT,1,k
OUTCOME,8,7
OUTER,10,9
OUTLET,13,12
OUTLINE,9,8
OUTPUT,9,8
OUTSIDE,3,2
OVER,1,k
OVERALL,8,7
OVERCOME,9,8
OVERHEAD,13,12
OVERLAP,10,9
OVERSEAS,9,8
OVERVIEW,11,10
OWE,9,8
OWN,2,1
OWNER,8,7
OWNERSHIP,9,8
OXIDIZE,13,12
OXYGEN,6,5
PACE,9,8
PACK,8,7
PACKAGE,8,7
PAGE,6,5
PAIN,8,7
PAINFUL,13,12
PAINT,5,4
PAIR,6,5
PALE,9,8
PANEL,8,7
PANIC,9,8
PAPER,1,k
PAR,10,9
PARADIGM,10,9
PARADOX,12,11
PARAGRAPH,6,5
PARALLEL,9,8
PARAMETER,10,9
PARCEL,13,12
PARDON,13,12
PARENT,7,6
PARENTAL,11,10
PARENTHESIS,12,11
PARK,6,5
PART,6,5
PARTIAL,10,9
PARTIALLY,11,10
PARTICIPANT,8,7
PARTICIPATE,8,7
PARTICIPATION,9,8
PARTICLE,10,9
PARTICULAR,6,5
PARTICULARLY,7,6
PARTITION,11,10
PARTLY,9,8
PARTNER,8,7
PARTNERSHIP,9,8
PARTY,1,k
PASS,7,6
PASSAGE,8,7
PASSED,6,5
PASSENGER,8,7
PASSION,9,8
PAST,6,5
PATH,8,7
PATHWAY,10,9
PATIENT,7,6
PATTERN,6,5
PAUSE,7,6
PAY,6,5
PAYMENT,8,7
PEACE,8,7
PEAK,8,7
PEASANT,11,10
PEER,9,8
PEN,9,8
PENALTY,9,8
PENSION,9,8
PEOPLE,6,5
PER,6,5
PERCEIVE,9,8
PERCENT,7,6
PERCENTAGE,8,7
PERCEPTION,9,8
PERFECT,8,7
PERFECTLY,9,8
PERFORM,7,6
PERFORMANCE,7,6
PERHAPS,3,2
PERIOD,6,5
PERIODIC,11,10
PERIPHERAL,11,10
PERMANENT,8,7
PERMISSION,9,8
PERMIT,8,7
PERSON,3,2
PERSONAL,7,6
PERSONALITY,8,7
PERSONALLY,9,8
PERSONNEL,9,8
PERSPECTIVE,8,7
PERSUADE,9,8
PEST,12,11
PESTICIDE,13,12
PHASE,8,7
PHENOMENAL,13,12
PHENOMENON,9,8
PHILOSOPHER,11,10
PHILOSOPHICAL,11,10
PHILOSOPHY,9,8
PHONE,7,6
PHONOLOGICAL,10,9
PHOSPHATE,12,11
PHOTO,8,7
PHOTOGRAPH,8,7
PHOTOGRAPHIC,13,12
PHRASE,5,4
PHYSICAL,8,7
PHYSICALLY,12,11
PHYSICIAN,10,9
PHYSICS,12,11
PHYSIOLOGICAL,11,10
PI,11,10
PIANO,9,8
PICK,4,3
PICKED,5,4
PICTURE,1,k
PIECE,2,1
PIG,1,k
PILE,9,8
PILOT,8,7
PINK,9,8
PIPE,9,8
PITCH,9,8
PLACE,1,k
PLAIN,9,8
PLAINS,3,2
PLAN,6,5
PLANE,6,5
PLANET,9,8
PLANETS,6,5
PLANNER,13,12
PLANT,2,1
PLANTATION,13,12
PLASTIC,8,7
PLATE,8,7
PLATFORM,9,8
PLAUSIBLE,11,10
PLAY,0,prek
PLAYER,7,6
PLEASANT,9,8
PLEASE,1,k
PLEASURE,8,7
PLENTY,8,7
PLOT,9,8
PLUG,13,12
PLURAL,6,5
PLUS,8,7
POCKET,8,7
POEM,5,4
POET,9,8
POETRY,9,8
POINT,6,5
POLAR,12,11
POLE,5,4
POLICE,7,6
POLICY,7,6
POLITICAL,7,6
POLITICALLY,12,11
POLITICIAN,8,7
POLITICS,8,7
POLL,8,7
POLLUTION,9,8
POOL,8,7
POOR,6,5
POP,8,7
POPULAR,7,6
POPULATION,7,6
PORT,9,8
PORTFOLIO,12,11
PORTION,9,8
PORTRAIT,9,8
PORTRAY,12,11
PORTRAYAL,13,12
POSE,9,8
POSITION,6,5
POSITIVE,7,6
POSITIVELY,12,11
POSSESS,9,8
POSSESSION,9,8
POSSIBILITY,8,7
POSSIBLE,6,5
POSSIBLY,8,7
POST,7,6
POSTER,13,12
POSTGRADUATE,13,12
POT,9,8
POTASSIUM,12,11
POTATO,9,8
POTENTIAL,7,6
POTENTIALLY,9,8
POUND,8,7
POUNDS,6,5
POUR,9,8
POVERTY,9,8
POWDER,13,12
POWER,6,5
POWERFUL,8,7
PRACTICAL,8,7
PRACTICE,6,5
PRACTITIONER,11,10
PRAGMATIC,11,10
PRAISE,9,8
PRAY,9,8
PRE,11,10
PRECEDE,10,9
PRECIPITATE,13,12
PRECIPITATION,13,12
PRECISE,9,8
PRECISELY,9,8
PREDATOR,12,11
PREDICT,8,7
PREDICTION,10,9
PREDOMINANTLY,12,11
PREFER,8,7
PREFERENCE,9,8
PREGNANCY,9,8
PREGNANT,9,8
PREJUDICE,13,12
PRELIMINARY,11,10
PREMISE,9,8
PREPARATION,9,8
PREPARE,7,6
PREPARED,6,5
PRESENCE,8,7
PRESENT,6,5
PRESENTATION,8,7
PRESERVE,9,8
PRESIDENT,5,4
PRESIDENTIAL,9,8
PRESS,7,6
PRESSURE,7,6
PRESUMABLY,9,8
PRESUME,12,11
PRETEND,9,8
PRETTY,1,k
PREVALENCE,10,9
PREVENT,8,7
PREVIOUS,7,6
PREVIOUSLY,8,7
PREY,12,11
PRICE,7,6
PRIDE,9,8
PRIMARILY,9,8
PRIMARY,8,7
PRIME,8,7
PRIMER,12,11
PRIMITIVE,11,10
PRINCIPAL,8,7
PRINCIPLE,8,7
PRINT,8,7
PRINTED,4,3
PRINTER,9,8
PRIOR,8,7
PRIORITY,8,7
PRISON,8,7
PRISONER,9,8
PRIVATE,7,6
PRIVILEGE,9,8
PRIZE,9,8
PRO,9,8
PROBABILITY,9,8
PROBABLY,5,4
PROBE,10,9
PROBLEM,2,1
PROBLEMATIC,11,10
PROCEDURE,8,7
PROCEED,8,7
PROCESS,6,5
PROCESSOR,13,12
PRODUCE,5,4
PRODUCER,8,7
PRODUCT,7,6
PRODUCTION,7,6
PRODUCTIVE,11,10
PRODUCTIVITY,11,10
PRODUCTS,5,4
PROFESSION,9,8
PROFESSIONAL,8,7
PROFESSOR,8,7
PROFILE,9,8
PROFIT,7,6
PROFOUND,12,11
PROGRAM,7,6
PROGRESS,8,7
PROGRESSION,12,11
PROGRESSIVE,11,10
PROJECT,7,6
PROJECTION,10,9
PROMINENT,11,10
PROMISE,7,6
PROMOTE,8,7
PROMOTION,9,8
PROMPT,9,8
PRONOUNCE,11,10
PROOF,9,8
PROPER,8,7
PROPERLY,8,7
PROPERTY,6,5
PROPORTION,8,7
PROPOSAL,8,7
PROPOSE,7,6
PROPOSITION,10,9
PROSPECT,9,8
PROTECT,7,6
PROTECTION,8,7
PROTEIN,9,8
PROTEST,8,7
PROTOCOL,11,10
PROTON,12,11
PROUD,9,8
PROVE,7,6
PROVIDE,4,3
PROVINCE,9,8
PROVISION,8,7
PSYCHIATRIC,11,10
PSYCHOLOGICAL,9,8
PSYCHOLOGIST,12,11
PSYCHOLOGY,10,9
PUB,9,8
PUBLIC,7,6
PUBLICATION,9,8
PUBLISH,10,9
PUBLISHER,9,8
PULL,3,2
PULLED,6,5
PULSE,10,9
PUMP,9,8
PUNCH,13,12
PUNISH,13,12
PUNISHMENT,12,11
PUPIL,9,8
PURCHASE,8,7
PURE,9,8
PURELY,11,10
PURPOSE,7,6
PURSUE,8,7
PUSH,7,6
PUSHED,3,2
PUT,2,1
PUZZLE,12,11
QUALIFICATION,9,8
QUALIFY,8,7
QUALITATIVE,11,10
QUALITY,7,6
QUANTITATIVE,10,9
QUANTITY,9,8
QUANTUM,12,11
QUARTER,7,6
QUESTION,7,6
QUESTIONNAIRE,11,10
QUESTIONS,2,1
QUICK,8,7
QUICKLY,3,2
QUIET,6,5
QUIETLY,9,8
QUITE,5,4
QUIZ,13,12
QUOTATION,12,11
QUOTE,8,7
RABBIT,1,k
RACE,6,5
RACIAL,9,8
RACK,13,12
RADAR,13,12
RADIATION,10,9
RADICAL,9,8
RADIO,4,3
RADIUS,11,10
RAIL,9,8
RAIN,1,k
RAINFALL,12,11
RAISE,7,6
RAISED,6,5
RAN,1,k
RANDOM,9,8
RANDOMIZE,11,10
RANDOMLY,11,10
RANGE,7,6
RANK,8,7
RAPID,9,8
RAPIDLY,9,8
RARE,8,7
RARELY,9,8
RAT,9,8
RATE,7,6
RATHER,5,4
RATIO,9,8
RATIONAL,10,9
RATIONALITY,12,11
RAW,9,8
RAY,12,11
REACH,7,6
REACHED,5,4
REACT,9,8
REACTION,8,7
REACTIVE,12,11
REACTOR,13,12
READ,3,2
READER,8,7
READILY,11,10
READY,3,2
REAL,6,5
REALISM,12,11
REALISTIC,12,11
REALITY,8,7
REALIZE,7,6
REALLY,7,6
REALM,12,11
REAR,9,8
REASON,6,5
REASONABLE,8,7
REASONABLY,9,8
RECALL,8,7
RECEIVE,7,6
RECEIVED,6,5
RECENT,7,6
RECENTLY,7,6
RECEPTOR,10,9
RECIPE,13,12
RECKON,9,8
RECOGNITION,9,8
RECOGNIZE,7,6
RECOMMEND,8,7
RECOMMENDATION,8,7
RECONSTRUCT,12,11
RECORD,6,5
RECOVER,8,7
RECOVERY,9,8
RECRUIT,9,8
RED,0,prek
REDUCE,7,6
REDUCTION,8,7
REFER,7,6
REFERENCE,7,6
REFLECT,7,6
REFLECTION,9,8
REFORM,8,7
REFUGEE,9,8
REFUSE,8,7
REGARD,7,6
REGARDLESS,9,8
REGIME,10,9
REGION,3,2
REGIONAL,8,7
REGISTER,8,7
REGISTRATION,9,8
REGRESSION,10,9
REGRET,9,8
REGULAR,8,7
REGULARLY,9,8
REGULATE,9,8
REGULATION,8,7
REHABILITATION,12,11
REINFORCE,11,10
REJECT,8,7
REJECTION,11,10
RELATE,7,6
RELATION,7,6
RELATIONSHIP,7,6
RELATIVE,8,7
RELATIVELY,8,7
RELAX,8,7
RELEASE,7,6
RELEVANT,8,7
RELIABILITY,11,10
RELIABLE,9,8
RELIEF,8,7
RELIGION,8,7
RELIGIOUS,8,7
RELY,8,7
REMAIN,6,5
REMARK,8,7
REMARKABLE,9,8
REMEMBER,5,4
REMIND,8,7
REMOTE,9,8
REMOVE,8,7
RENDER,11,10
RENT,8,7
REPAIR,9,8
REPEAT,8,7
REPEATED,4,3
REPERTOIRE,10,9
REPLACE,8,7
REPLACEMENT,11,10
REPLICATE,11,10
REPLICATION,12,11
REPLY,8,7
REPORT,6,5
REPORTER,9,8
REPRESENT,6,5
REPRESENTATION,9,8
REPRESENTATIVE,8,7
REPRODUCE,11,10
REPRODUCTION,11,10
REPUBLIC,13,12
REPUTATION,8,7
REQUEST,8,7
REQUIRE,7,6
REQUIREMENT,8,7
RESCUE,9,8
RESEARCH,7,6
RESEARCHER,8,7
RESEMBLE,11,10
RESERVE,8,7
RESERVOIR,13,12
RESIDENT,8,7
RESIDUAL,11,10
RESIDUE,11,10
RESIGN,9,8
RESIST,9,8
RESISTANCE,9,8
RESISTANT,12,11
RESOLUTION,8,7
RESOLVE,8,7
RESORT,9,8
RESOURCE,7,6
RESPECT,7,6
RESPECTIVELY,9,8
RESPIRATORY,12,11
RESPOND,8,7
RESPONSE,7,6
RESPONSIBILITY,8,7
RESPONSIBLE,8,7
REST,5,4
RESTAURANT,7,6
RESTORE,9,8
RESTRICT,9,8
RESTRICTION,9,8
RESULT,3,2
RETAIL,9,8
RETAIN,9,8
RETIRE,8,7
RETIREMENT,9,8
RETRIEVE,12,11
RETURN,3,2
REVEAL,8,7
REVENUE,8,7
REVERSE,9,8
REVIEW,7,6
REVISE,9,8
REVOLUTION,9,8
REVOLUTIONARY,12,11
REWARD,8,7
REWRITE,11,10
RHETORIC,12,11
RHYTHM,6,5
RICE,9,8
RICH,6,5
RID,9,8
RIDE,1,k
RIDICULOUS,13,12
RIGHT,3,2
RING,1,k
RISE,6,5
RISK,7,6
RITUAL,11,10
RIVAL,9,8
RIVER,6,5
ROAD,3,2
ROBIN,1,k
ROBOT,10,9
ROCK,6,5
ROLE,7,6
ROLL,8,7
ROLLED,6,5
ROMANTIC,9,8
ROOF,9,8
ROOM,2,1
ROOT,6,5
ROPE,6,5
ROSE,6,5
ROTATE,12,11
ROTATION,10,9
ROUGH,9,8
ROUGHLY,9,8
ROUND,2,1
ROUTE,8,7
ROUTINE,9,8
ROW,3,2
ROYAL,9,8
RUB,13,12
RUIN,9,8
RULE,6,5
RULER,12,11
RUN,0,prek
RURAL,9,8
RUSH,8,7
SAD,8,7
SAFE,4,3
SAFETY,8,7
SAID,0,prek
SAIL,6,5
SAKE,9,8
SALARY,8,7
SALE,7,6
SALT,9,8
SAME,5,4
SAMPLE,8,7
SANCTION,9,8
SAND,4,3
SAT,6,5
SATISFACTION,9,8
SATISFY,8,7
SAVE,5,4
SAW,1,k
SAY,1,k
SCALE,6,5
SCAN,9,8
SCARE,9,8
SCATTER,11,10
SCENARIO,11,10
SCENE,8,7
SCHEDULE,8,7
SCHEME,8,7
SCHOLAR,9,8
SCHOLARSHIP,12,11
SCHOOL,1,k
SCIENCE,6,5
SCIENTIFIC,8,7
SCIENTIST,8,7
SCIENTISTS,5,4
SCOPE,9,8
SCORE,6,5
SCREAM,9,8
SCREEN,8,7
SCRIPTURE,13,12
SCROLL,13,12
SEA,6,5
SEAL,9,8
SEARCH,7,6
SEASON,7,6
SEAT,6,5
SECOND,6,5
SECONDARY,9,8
SECONDLY,9,8
SECRET,8,7
SECRETARY,8,7
SECRETE,13,12
SECTION,5,4
SECTOR,8,7
SECURE,8,7
SECURITY,7,6
SEDIMENT,12,11
SEE,0,prek
SEED,1,k
SEEDS,6,5
SEEK,7,6
SEEM,5,4
SEEN,6,5
SEGMENT,9,8
SELECT,8,7
SELECTION,8,7
SELECTIVE,11,10
SELF,8,7
SELL,6,5
SEMANTIC,10,9
SEMESTER,13,12
SEMI,13,12
SEMINAR,13,12
SEND,6,5
SENIOR,8,7
SENSATION,12,11
SENSE,5,4
SENSIBLE,13,12
SENSITIVE,9,8
SENSITIVITY,10,9
SENSORY,11,10
SENT,5,4
SENTENCE,1,k
SEPARATE,6,5
SEPARATELY,11,10
SEPARATION,10,9
SEQUENCE,9,8
SERIES,7,6
SERIOUS,7,6
SERIOUSLY,8,7
SERVANT,9,8
SERVE,6,5
SERVER,9,8
SERVICE,7,6
SESSION,8,7
SET,6,5
SETTLE,8,7
SETTLED,4,3
SETTLEMENT,8,7
SEVEN,4,3
SEVERAL,6,5
SEVERE,9,8
SEX,8,7
SEXUAL,8,7
SEXUALITY,12,11
SHADE,9,8
SHADOW,9,8
SHAKE,8,7
SHALL,4,3
SHALLOW,12,11
SHAPE,6,5
SHARE,7,6
SHAREHOLDER,9,8
SHARP,6,5
SHE,1,k
SHEEP,1,k
SHEET,8,7
SHELF,9,8
SHELL,9,8
SHELTER,9,8
SHIFT,8,7
SHINE,9,8
SHIP,5,4
SHIRT,9,8
SHOCK,8,7
SHOE,1,k
SHOES,6,5
SHOOT,8,7
SHOP,6,5
SHORE,9,8
SHORT,5,4
SHORTLY,12,11
SHOT,8,7
SHOULD,6,5
SHOULDER,6,5
SHOUT,8,7
SHOUTED,3,2
SHOW,4,3
SHOWER,9,8
SHOWN,3,2
SHUT,8,7
SHUTTLE,13,12
SICK,8,7
SIDE,6,5
SIGH,9,8
SIGHT,6,5
SIGN,6,5
SIGNAL,8,7
SIGNIFICANCE,9,8
SIGNIFICANT,7,6
SIGNIFICANTLY,8,7
SILENCE,9,8
SILENT,5,4
SILLY,9,8
SILVER,9,8
SIMILAR,6,5
SIMILARITY,10,9
SIMILARLY,9,8
SIMPLE,5,4
SIMPLIFY,11,10
SIMPLY,7,6
SIMULATE,11,10
SIMULATION,10,9
SIMULTANEOUSLY,10,9
SIN,10,9
SINCE,2,1
SING,3,2
SINGER,9,8
SINGLE,5,4
SINGULAR,11,10
SINK,9,8
SIR,6,5
SISTER,1,k
SIT,3,2
SITE,5,4
SITUATE,9,8
SITUATION,7,6
SIX,4,3
SIZE,6,5
SKETCH,11,10
SKI,9,8
SKILL,7,6
SKIN,4,3
SKIP,13,12
SKIRT,9,8
SKY,6,5
SLAB,13,12
SLASH,13,12
SLAVE,9,8
SLAVERY,12,11
SLEEP,3,2
SLICE,9,8
SLIDE,9,8
SLIGHT,9,8
SLIGHTLY,8,7
SLIP,8,7
SLOPE,9,8
SLOT,13,12
SLOW,8,7
SLOWLY,6,5
SMALL,4,3
SMART,9,8
SMELL,6,5
SMILE,8,7
SMILED,6,5
SMOKE,8,7
SMOOTH,9,8
SNAKE,13,12
SNAP,9,8
SNEEZE,13,12
SNIFF,13,12
SNOW,1,k
SO,1,k
SOCIAL,7,6
SOCIALIZE,13,12
SOCIALLY,12,11
SOCIETY,7,6
SODIUM,12,11
SOFT,6,5
SOFTWARE,8,7
SOIL,5,4
SOLAR,12,11
SOLDIER,8,7
SOLDIERS,4,3
SOLID,9,8
SOLUBLE,13,12
SOLUTE,13,12
SOLUTION,6,5
SOLVE,3,2
SOLVENT,13,12
SOME,2,1
SOMEBODY,8,7
SOMEHOW,8,7
SOMEONE,6,5
SOMETHING,5,4
SOMETIME,13,12
SOMETIMES,6,5
SOMEWHAT,8,7
SOMEWHERE,8,7
SON,3,2
SONG,1,k
SOON,1,k
SOPHISTICATE,12,11
SORRY,7,6
SORT,7,6
SOUL,9,8
SOUND,1,k
SOURCE,7,6
SOUTH,6,5
SOUTHERN,4,3
SPACE,6,5
SPAN,11,10
SPARE,9,8
SPATIAL,10,9
SPEAK,3,2
SPEAKER,8,7
SPECIAL,6,5
SPECIALIST,9,8
SPECIALIZE,9,8
SPECIALTY,13,12
SPECIES,9,8
SPECIFIC,7,6
SPECIFICALLY,8,7
SPECIFICATION,10,9
SPECIFY,9,8
SPECIMEN,11,10
SPECTRUM,10,9
SPEECH,7,6
SPEED,6,5
SPELL,6,5
SPEND,7,6
SPERM,10,9
SPHERE,10,9
SPIN,9,8
SPIRIT,8,7
SPLICE,13,12
SPLIT,9,8
SPONSOR,9,8
SPONSORSHIP,13,12
SPONTANEOUS,11,10
SPORT,7,6
SPOT,6,5
SPRAY,13,12
SPREAD,6,5
SPRING,5,4
SQUARE,3,2
SQUIRREL,1,k
STABILITY,9,8
STABILIZE,12,11
STABLE,8,7
STACK,12,11
STAFF,7,6
STAGE,7,6
STAIN,9,8
STAIR,9,8
STAKE,9,8
STAMP,9,8
STANCE,12,11
STAND,2,1
STANDARD,7,6
STANDARDIZE,12,11
STAR,7,6
STARE,9,8
STARS,3,2
START,2,1
STATE,6,5
STATEMENT,6,5
STATIC,11,10
STATION,7,6
STATISTIC,9,8
STATISTICAL,10,9
STATISTICALLY,11,10
STATUS,8,7
STAY,5,4
STEADY,9,8
STEAL,8,7
STEEL,6,5
STEM,9,8
STEP,6,5
STEREOTYPE,12,11
STICK,1,k
STILL,6,5
STIMULATE,9,8
STIMULUS,10,9
STIR,9,8
STOCK,7,6
STOMACH,9,8
STONE,6,5
STOOD,5,4
STOP,2,1
STORAGE,9,8
STORE,6,5
STORM,9,8
STORY,2,1
STRAIGHT,6,5
STRAIGHTFORWARD,11,10
STRAIN,9,8
STRAND,11,10
STRANGE,6,5
STRANGER,9,8
STRATEGIC,11,10
STRATEGY,7,6
STREAM,6,5
STREET,1,k
STRENGTH,8,7
STRENGTHEN,9,8
STRESS,8,7
STRETCH,8,7
STRETCHED,6,5
STRICT,9,8
STRICTLY,11,10
STRIKE,7,6
STRING,5,4
STRIP,9,8
STRIPE,13,12
STROKE,9,8
STRONG,3,2
STRONGLY,8,7
STRUCTURAL,9,8
STRUCTURE,7,6
STRUGGLE,8,7
STUDENT,7,6
STUDENTS,6,5
STUDIO,8,7
STUDY,6,5
STUFF,7,6
STUPID,9,8
STYLE,7,6
SUB,13,12
SUBJECT,3,2
SUBJECTIVE,11,10
SUBMIT,9,8
SUBSEQUENT,9,8
SUBSEQUENTLY,9,8
SUBSET,10,9
SUBSTANCE,9,8
SUBSTANCES,6,5
SUBSTANTIAL,9,8
SUBSTITUTE,9,8
SUBSTITUTION,10,9
SUBSTRATE,11,10
SUBTLE,12,11
SUBTRACT,13,12
SUCCEED,8,7
SUCCESS,7,6
SUCCESSFUL,7,6
SUCCESSFULLY,9,8
SUCH,6,5
SUDDEN,9,8
SUDDENLY,3,2
SUFFER,7,6
SUFFICIENT,9,8
SUFFICIENTLY,10,9
SUFFIX,6,5
SUGAR,6,5
SUGGEST,7,6
SUGGESTED,6,5
SUGGESTION,8,7
SUICIDE,11,10
SUIT,8,7
SUITABLE,8,7
SUM,5,4
SUMMARIZE,9,8
SUMMARY,9,8
SUMMER,5,4
SUN,1,k
SUPER,13,12
SUPERIOR,11,10
SUPPLEMENT,9,8
SUPPLIER,9,8
SUPPLY,4,3
SUPPORT,7,6
SUPPORTER,9,8
SUPPOSE,6,5
SUPPOSEDLY,13,12
SURE,5,4
SURELY,8,7
SURFACE,5,4
SURGEON,13,12
SURGERY,9,8
SURGICAL,12,11
SURPLUS,12,11
SURPRISE,6,5
SURPRISINGLY,9,8
SURROUND,8,7
SURVEY,8,7
SURVIVAL,9,8
SURVIVE,8,7
SUSCEPTIBLE,12,11
SUSPECT,8,7
SUSPEND,9,8
SUSTAIN,9,8
SUSTAINABLE,12,11
SWAP,13,12
SWEAR,9,8
SWEEP,9,8
SWEET,8,7
SWELL,13,12
SWIM,6,5
SWING,9,8
SWITCH,8,7
SWORD,13,12
SYLLABLE,10,9
SYLLABLES,3,2
SYLLABUS,13,12
SYMBOL,9,8
SYMBOLIC,11,10
SYMBOLS,5,4
SYMPTOM,9,8
SYNDROME,10,9
SYNTACTIC,10,9
SYNTAX,10,9
SYNTHESIS,10,9
SYNTHETIC,12,11
SYSTEM,6,5
SYSTEMATIC,10,9
TABLE,1,k
TACKLE,9,8
TAIL,9,8
TAKE,1,k
TALE,9,8
TALENT,8,7
TALK,6,5
TALL,3,2
TANK,9,8
TAP,9,8
TAPE,8,7
TARGET,7,6
TASK,7,6
TASTE,8,7
TAX,7,6
TAXI,8,7
TEA,8,7
TEACH,7,6
TEACHER,6,5
TEAM,6,5
TEAR,8,7
TECH,13,12
TECHNICAL,8,7
TECHNICALLY,13,12
TECHNIQUE,8,7
TECHNOLOGY,7,6
TEENAGER,9,8
TELEPHONE,8,7
TELEVISION,7,6
TELL,3,2
TEMPERATURE,5,4
TEMPORAL,10,9
TEMPORARY,8,7
TEMPT,13,12
TEN,3,2
TEND,7,6
TENDENCY,9,8
TENDER,9,8
TENNIS,9,8
TENSE,11,10
TENSION,9,8
TENT,9,8
TERM,7,6
TERMINAL,11,10
TERMINOLOGY,12,11
TERMS,6,5
TERRIBLE,8,7
TERRIBLY,13,12
TERRITORY,9,8
TERRORIST,9,8
TEST,3,2
TEXT,8,7
TEXTBOOK,12,11
THAN,6,5
THANK,2,1
THAT,1,k
THE,0,prek
THEATER,8,7
THEIR,3,2
THEM,2,1
THEME,8,7
THEMSELVES,5,4
THEN,2,1
THEOREM,10,9
THEORETICAL,9,8
THEORIST,12,11
THEORY,7,6
THERAPY,9,8
THERE,1,k
THEREBY,10,9
THEREFORE,7,6
THERMAL,11,10
THESE,3,2
THESIS,10,9
THEY,1,k
THICK,6,5
THICKNESS,11,10
THIN,6,5
THING,1,k
THINGS,1,k
THINK,2,1
THIRD,6,5
THIRST,9,8
THIS,1,k
THOSE,3,2
THOUGH,6,5
THOUGHT,2,1
THOUSANDS,6,5
THREAD,13,12
THREAT,8,7
THREATEN,8,7
THREE,0,prek
THRESHOLD,10,9
THROAT,9,8
THROUGH,4,3
THROUGHOUT,7,6
THROW,7,6
THUMB,13,12
THUS,4,3
TICKET,8,7
TIE,8,7
TIED,6,5
TIGHT,9,8
TILL,8,7
TIME,1,k
TINY,6,5
TIP,8,7
TIRE,8,7
TISSUE,9,8
TITLE,8,7
TO,0,prek
TODAY,4,3
TOGETHER,4,3
TOLD,3,2
TOLERANCE,11,10
TOMORROW,7,6
TON,12,11
TONE,4,3
TONGUE,9,8
TONIGHT,8,7
TOO,1,k
TOOK,6,5
TOOL,8,7
TOOLS,6,5
TOOTH,9,8
TOP,1,k
TOPIC,8,7
TOTAL,6,5
TOTALLY,8,7
TOUCH,5,4
TOUGH,8,7
TOUR,8,7
TOURISM,9,8
TOURIST,8,7
TOURNAMENT,9,8
TOWARD,6,5
TOWER,9,8
TOWN,6,5
TOXIC,13,12
TOY,1,k
TRACE,9,8
TRACK,6,5
TRACT,11,10
TRADE,5,4
TRADITION,8,7
TRADITIONAL,8,7
TRADITIONALLY,12,11
TRAFFIC,8,7
TRAIL,9,8
TRAIN,5,4
TRAIT,10,9
TRAJECTORY,10,9
TRANS,12,11
TRANSACTION,11,10
TRANSCRIBE,13,12
TRANSCRIPTION,11,10
TRANSFER,8,7
TRANSFORM,9,8
TRANSFORMATION,10,9
TRANSITION,9,8
TRANSLATE,9,8
TRANSLATION,10,9
TRANSMISSION,10,9
TRANSMIT,11,10
TRANSPARENCY,13,12
TRANSPLANT,12,11
TRANSPORT,8,7
TRANSPORTATION,9,8
TRAP,9,8
TRAUMA,12,11
TRAVEL,6,5
TREAT,7,6
TREATMENT,7,6
TREATY,12,11
TREE,1,k
TREMENDOUS,13,12
TREND,8,7
TRIAL,8,7
TRIANGLE,4,3
TRIBE,13,12
TRICK,9,8
TRICKY,13,12
TRIGGER,9,8
TRIP,6,5
TRIVIAL,12,11
TROOP,8,7
TROPICAL,10,9
TROUBLE,5,4
TRUCK,4,3
TRUE,6,5
TRULY,8,7
TRUST,8,7
TRUTH,8,7
TRY,4,3
TUBE,6,5
TUMOR,10,9
TUNE,9,8
TURBULENT,12,11
TURN,6,5
TUTOR,13,12
TWICE,8,7
TWIN,9,8
TWIST,9,8
TWO,0,prek
TYPE,5,4
TYPICAL,8,7
TYPICALLY,9,8
UGLY,9,8
ULTIMATE,11,10
ULTIMATELY,9,8
UNABLE,8,7
UNCERTAINTY,9,8
UNCLE,6,5
UNCLEAR,7,6
UNDER,1,k
UNDERGO,9,8
UNDERGRADUATE,13,12
UNDERLIE,9,8
UNDERLINE,6,5
UNDERMINE,11,10
UNDERNEATH,13,12
UNDERSTAND,6,5
UNDERTAKE,9,8
UNEMPLOYED,13,12
UNEMPLOYMENT,9,8
UNFORTUNATELY,8,7
UNIFORM,9,8
UNIFY,11,10
UNINTELLIGIBLE,13,12
UNION,8,7
UNIQUE,8,7
UNIT,6,5
UNITE,9,8
UNITY,11,10
UNIVERSAL,9,8
UNIVERSE,9,8
UNIVERSITY,8,7
UNKNOWN,9,8
UNLESS,8,7
UNLIKE,8,7
UNLIKELY,9,8
UNSTABLE,11,10
UNTIL,6,5
UNUSUAL,9,8
UP,0,prek
UPDATE,9,8
UPLIFT,13,12
UPON,3,2
UPPER,9,8
UPSET,9,8
UPWARD,12,11
URBAN,9,8
URGE,8,7
URINE,13,12
US,3,2
USAGE,11,10
USE,3,2
USEFUL,7,6
USER,8,7
USUAL,8,7
USUALLY,3,2
UTILITY,10,9
UTILIZE,11,10
UTTERANCE,10,9
VAGUE,13,12
VALID,10,9
VALIDITY,11,10
VALLEY,4,3
VALUABLE,9,8
VALUE,5,4
VALVE,11,10
VAN,9,8
VARIABILITY,10,9
VARIABLE,8,7
VARIANCE,10,9
VARIANT,10,9
VARIATION,9,8
VARIETY,8,7
VARIOUS,6,5
VARY,8,7
VAST,8,7
VECTOR,10,9
VEGETABLE,9,8
VEGETATION,12,11
VEHICLE,8,7
VEIN,11,10
VELOCITY,10,9
VENTURE,9,8
VERB,3,2
VERBAL,10,9
VERSION,8,7
VERSUS,9,8
VERTICAL,10,9
VERY,1,k
VESSEL,9,8
VETERAN,9,8
VIA,8,7
VIABLE,12,11
VICE,9,8
VICTIM,8,7
VICTORY,8,7
VIDEO,8,7
VIEW,6,5
VILLAGE,3,2
VIOLENCE,8,7
VIOLENT,9,8
VIRTUALLY,9,8
VIRTUE,11,10
VIRUS,9,8
VISIBLE,9,8
VISION,8,7
VISIT,6,5
VISITOR,8,7
VISUAL,9,8
VITAL,9,8
VITAMIN,12,11
VOCABULARY,10,9
VOICE,6,5
VOLITION,13,12
VOLUME,8,7
VOLUNTARY,9,8
VOLUNTEER,9,8
VOTE,7,6
VOTER,8,7
VOWEL,6,5
WAGE,8,7
WAIT,3,2
WAKE,8,7
WALK,2,1
WALL,5,4
WANDER,9,8
WANT,1,k
WAR,6,5
WARM,4,3
WARN,8,7
WAS,1,k
WASH,3,2
WASHINGTON,6,5
WASTE,8,7
WATCH,1,k
WATER,1,k
WATERSHED,13,12
WAVE,8,7
WAVELENGTH,12,11
WAVES,5,4
WAY,1,k
WE,0,prek
WEAK,8,7
WEAKNESS,9,8
WEALTH,9,8
WEALTHY,9,8
WEAPON,8,7
WEAR,5,4
WEATHER,6,5
WEAVE,13,12
WEB,9,8
WED,8,7
WEEK,5,4
WEEKEND,7,6
WEEKLY,9,8
WEIGH,9,8
WEIGHT,6,5
WEIRD,9,8
WELCOME,8,7
WELFARE,9,8
WELL,1,k
WENT,1,k
WERE,2,1
WEST,6,5
WESTERN,4,3
WET,9,8
WHAT,1,k
WHATEVER,7,6
WHEAT,11,10
WHEEL,9,8
WHEELS,5,4
WHEN,2,1
WHENEVER,9,8
WHERE,0,prek
WHEREAS,8,7
WHEREBY,12,11
WHEREVER,9,8
WHETHER,6,5
WHICH,3,2
WHICHEVER,13,12
WHILE,5,4
WHILST,9,8
WHISPER,9,8
WHITE,1,k
WHO,1,k
WHOEVER,13,12
WHOLE,5,4
WHOSE,6,5
WHY,3,2
WIDE,6,5
WIDELY,8,7
WIDESPREAD,11,10
WIFE,6,5
WILD,6,5
WILL,1,k
WIN,6,5
WIND,1,k
WINDOW,1,k
WINE,8,7
WING,9,8
WINGS,5,4
WINNER,9,8
WINTER,6,5
WIPE,9,8
WIRE,6,5
WISDOM,12,11
WISE,9,8
WISH,3,2
WITH,1,k
WITHDRAW,9,8
WITHIN,5,4
WITHOUT,6,5
WITNESS,8,7
WOMAN,6,5
WOMEN,6,5
WONDER,6,5
WONDERFUL,8,7
WOOD,1,k
WOODEN,9,8
WORD,7,6
WORDS,4,3
WORK,1,k
WORKER,7,6
WORKERS,6,5
WORKSHOP,12,11
WORLD,6,5
WORRY,7,6
WORTH,7,6
WOULD,3,2
WOUND,9,8
WRAP,9,8
WRITE,3,2
WRITER,8,7
WRITTEN,6,5
WRONG,6,5
WROTE,3,2
YARD,5,4
YEAH,8,7
YEAR,7,6
YEARS,1,k
YEAST,13,12
YELLOW,0,prek
YES,1,k
YESTERDAY,7,6
YET,6,5
YIELD,8,7
YOU,0,prek
YOUNG,6,5
YOUR,3,2
YOURSELF,6,5
YOUTH,8,7
ZONE,9,8
